{
  "login": {
    "title": "Association for Supporting Foreign Workers in Japan<br> Life Support Portal Site",
    "email": "Email",
    "password": "Password",
    "remember": "Remember",
    "forgetPassword": "Forgot password",
    "login_btn": "login",
    "term_of_use": "Term of use",
    "privacy_policy": "Privacy policy",
    "languages": "Languages",
    "kurofune": "©KUROFUNE"
  },
  "home": "Trang chủ",
  "header": {
    "btn_back1": "Return to drug list",
    "btn_back2": "Return to order list",
    "btn_back3": "Return to cart",
    "btn_logout": "Logout",
    "btn_view_cart": "VIEW CART",
    "btn_buy": "CHECKOUT",
    "cart_empty": "There is no information in the shopping cart.",
    "cart_title": "View your shopping cart"
  },
  "navigate_link": {
    "title": "Online pharmacy",
    "questionnaire_title": "Questionnaire",
    "pharmacies_title": "Pharmacy information",
    "medicine_title": "Drug information",
    "order_history_title": "Order history",
    "cart_title": "Order list",
    "billing_address_title": "Registration information",
    "media_title": "Home"
  },
  "member": {
    "dashboard": {
      "questionnaire": "Questionnaire",
      "pharmacy": "Pharmacy information",
      "drug": "Drug information",
      "order_history": "Order history",
      "order_list": "Order list",
      "registration_info": "Registration information"
    },
    "user_profile": {
      "btn_save": "Save",
      "text_back": "Return to the top page",
      "tab_user_info": "User information",
      "tab_password": "Password information"
    },
    "change_password": {
      "title": "Change Password",
      "field_old_password": "Old password",
      "field_new_password": "New password",
      "field_confirm_password": "Confirm password"
    },
    "change_profile": {
      "btn_search": "Search",
      "title": "Change Profile",
      "field_full_name": "Full name",
      "field_postal": "Postal code/zip",
      "field_prefecture": "Prefecture",
      "field_city": "Town / City ",
      "field_street": " Street address",
      "field_building": " Building ",
      "field_phone": " Phone",
      "field_email": "Email address "
    }
  },
  "tab_address": {
    "tab_ship": "Shipping address",
    "tab_bill": "Billing address"
  },
  "questionnaire": {
    "placeholder": "Enter drug name",
    "btn_search": "Submit",
    "title_number_results": "Search results:",
    "description_number": " cases in total"
  },
  "media": {
    "title": "Association for Supporting Foreign Workers in Japan<br>Life Support Portal Site",
    "card_pharmacy": "Online pharmacy",
    "card_consultation": "24-hour consultation service",
    "card_remittance": "Overseas remittance",
    "card_e_leaning": "e-learning",
    "card_insurance": "Income Compensation Insurance",
    "card_wabisabi": "WABISABI-MEDIA",
    "btn_user_info": "User information",
    "btn_logout": "Logout"
  },
  "cart": {
    "title_cart": "Shopping basket",
    "title_cart_empty": "Your basket is currently empty.",
    "cart_description1": "Please check the purchase details.",
    "cart_description2": "After checking, please click the \"PROCEED CHECKOUT\" button.",
    "th_product_name": "Product",
    "th_product_price": "Amount",
    "th_product_quantity": "Quantity",
    "btn_delete": "DELETE",
    "btn_checkout": "PROCEED CHECKOUT",
    "btn_empty": "EMPTY THE SHOPPING CART",
    "btn_update": "UPDATE YOUR SHOPPING CART",
    "btn_return": "Return to shop"
  },
  "checkout": {
    "title_confirm": "Purchase confirmation",
    "confirm_description1": "Please check the purchase details.",
    "confirm_description2": "Please check the terms of use and click the \"Purchase\" button.",
    "th_product_name": "Product",
    "th_product_price": "Amount",
    "th_product_quantity": "Quantity",
    "th_product_total": "SubTotal",
    "td_total": "Total payment",
    "title_billing": "Billing information",
    "field_full_name": "Full name",
    "field_zip_code": "Postal code/zip",
    "field_prefecture": "Prefecture",
    "field_town_city": "Town / City",
    "field_street": "Street address",
    "field_house": "Building",
    "field_phone": "Phone",
    "field_email": "Email address",
    "title_ship": "Shipping information",
    "accept_term": "Purchase after agreeing to the terms of use.",
    "btn_text_buy": "BUY"
  },
  "order-history": {
    "th_order_date": "Order Date",
    "th_order_ID": "Order ID",
    "th_order_status": "Order Status",
    "th_order_price": "Amount",
    "th_purchase_product": "Purchased Product",
    "btn_view": "View",
    "btn_next": "Next",
    "btn_prev": "Previous",
    "about_status": "About order status",
    "status_step_1": "Awaiting confirm",
    "status_step_2": "Packing",
    "status_step_3": "Delivery",
    "status_step_4": "Shipping",
    "status_step_5": "Completed"
  },
  "order-detail": {
    "title": "Order details",
    "th_order_date": "【Order Date】",
    "th_order_ID": "【Order ID】",
    "th_order_status": "【Order Status】",
    "th_product_name": "Product",
    "th_product_quantity": "Quantity",
    "th_unit_price": "Unit Price",
    "th_product_total": "SubTotal",
    "td_total": "Total payment",
    "th_tax": "Tax",
    "title_billing": "Billing information",
    "field_full_name": "Full name",
    "field_postal": "Postal code/zip",
    "field_prefecture": "Prefecture",
    "field_city": "Town / City ",
    "field_house": "Building",
    "field_street": " Street address",
    "field_phone": " Phone",
    "field_email": "Email address ",
    "title_ship": "Shipping information",
    "payment": "Payment method",
    "payment_method": "Cash on delivery"
  },
  "medicine_list": {
    "type_name1": "First-class OTC drugs",
    "type_name2": "Specify Second-class OTC drugs",
    "type_name3": "Second-class OTC drugs"
  },
  "product_detail": {
    "btn_buy": "BUY NOW",
    "label_gender": "What is your gender?",
    "label_age": "How old are you?",
    "label_ever_used": "Have you ever used this medicine?",
    "label_ever_side_effect": "Have you ever taken any medicine and had side effects?",
    "label_using_medicine": "What is the name of the medicine you were using at that time?",
    "label_other_illnesses": "Are there any illnesses you are currently treating?",
    "label_other_question": "Do you have any questions?",
    "placeholder_select": "Please select option",
    "placeholder_text": "Please enter text",
    "option_yes": "Yes",
    "option_no": "No",
    "option_gender1": "Male",
    "option_gender2": "Female",
    "option_age1": "Under 15 years old",
    "option_age2": "15-64 years old",
    "option_age3": "65 years of age or older",
    "option_other_illnesses1": "There is none",
    "option_other_illnesses2": "High blood pressure",
    "option_other_illnesses3": "Diabetes",
    "option_other_illnesses4": "Dyslipidemia",
    "option_other_illnesses5": "Asthma",
    "option_other_illnesses6": "Liver disease",
    "option_other_illnesses7": "Heart disease",
    "option_other_illnesses8": "Cerebral infarction",
    "option_other_illnesses9": "Gastric / duodenal ulcer",
    "option_other_illnesses10": "Thyroid disease",
    "option_other_illnesses11": "Prostate disease",
    "option_other_illnesses12": "Other (free description)"
  },
  "list_pharmacies": {
    "title": "Marine Pharmacy Oisotori",
    "outside_image": "Photographs of the main exterior of a pharmacy or store",
    "inside_image": "Photograph showing the display status of over-the-counter drugs",
    "title_concerning_management": "Matters concerning management and operation",
    "title_classification": "Permit classification",
    "title_founder": "Founder",
    "title_permit": "Items to be stated in the permit",
    "title_management_pharmacist": "Management pharmacist",
    "title_working_pharmacies": "Pharmacist working at our pharmacy (in charge)",
    "title_register_seller": "Registered seller working at our pharmacy (business in charge)",
    "title_over_the_counter_drugs_handle": "Types of over-the-counter drugs handled",
    "title_distinguishing": "Distinguishing by name tag etc. of the person who works at this pharmacy",
    "title_business_hours": "Business hours",
    "title_consultation_outside": "Consultation hours outside business hours",
    "title_contact": "Contact information for consultation and emergencies",
    "title_current_working_pharmacies": "Currently working pharmacist (in charge)",
    "title_specific_sale_time": "When the opening time and the specific sales time are different",
    "title_time_accept_order": "Time to accept drug orders outside business hours",
    "title_expiration_date": "Expiration date of drugs for specific sale",
    "title_problem": "Matters concerning the system for sales of drugs requiring guidance and over-the-counter drugs"
  }
}
