{
  "login": {
    "title": "一般社団法人在日外国人就業者支援協会<br>生活支援ポータルサイト",
    "email": "メールアドレス",
    "password": "パスワード",
    "remember": "保存する",
    "forgetPassword": "パスワードを忘れた方はこちら",
    "login_btn": "ログイン",
    "term_of_use": "利用規約",
    "privacy_policy": "プライバシーポリシー",
    "languages": "言語",
    "kurofune": "©KUROFUNE"
  },

  "home": "Trang chủ",
  "header": {
    "btn_back1": "薬剤一覧へ戻る",
    "btn_back2": "注文履歴一覧へ戻る",
    "btn_back3": "買い物かごに戻る",
    "btn_logout": "ログアウト",
    "btn_view_cart": "買い物かごを表示",
    "btn_buy":"購入手続きへ",
    "cart_empty": "购物车中没有任何信息。",
    "cart_title": "カートを見る"
  },
  "navigate_link": {
    "title": "オンライン薬局",
    "questionnaire_title": "問診票",
    "pharmacies_title": "薬局情報",
    "medicine_title": "薬剤情報",
    "order_history_title": "注文履歴",
    "cart_title": "買い物かご",
    "billing_address_title": "登録情報",
    "media_title": "総合トップページ"
  },
  "member": {
    "dashboard": {
      "questionnaire": "問診票",
      "pharmacy": "薬局情報",
      "drug": "薬剤情報",
      "order_history": "注文履歴",
      "order_list": "買い物かご",
      "registration_info": "登録情報"
    },
    "user_profile": {
      "btn_save": "変更を保存する",
      "text_back": "総合トップページへ戻る",
      "tab_user_info": "ユーザー情報",
      "tab_password": "パスワード情報"
    },
    "change_password": {
      "title": "Change Password",
      "field_old_password": "旧パスワード",
      "field_new_password": "新しいパスワード",
      "field_confirm_password": "パスワード確認"
    },
    "change_profile": {
      "btn_search": "住所検索",
      "title": "Change Profile",
      "field_full_name": "氏名",
      "field_postal": "郵便番号",
      "field_prefecture": "都道府県",
      "field_city": "市区町村",
      "field_street": "丁目・番地・号",
      "field_building": " 建物名・部屋番号",
      "field_phone": " 電話番号",
      "field_email": "メールアドレス"
    }
  },
  "tab_address": {
    "tab_ship": "お届け先情報",
    "tab_bill": "請求先情報"
  },
  "questionnaire": {
    "placeholder": "薬剤名入力",
    "btn_search": "検索する",
    "title_number_results": "検索結果:",
    "description_number": "件"
  },
  "media": {
    "title": "一般社団法人在日外国人就業者支援協会<br>生活支援ポータルサイト",
    "card_pharmacy": "オンライン薬局",
    "card_consultation": "24時間サービス",
    "card_remittance": "海外送金",
    "card_e_leaning": "eラーニング",
    "card_insurance": "所得補償保険",
    "card_wabisabi": "WABISABI-MEDIA",
    "btn_user_info": "ユーザー情報",
    "btn_logout": "ログアウト"
  },
  "cart":{
    "title_cart": "買い物かご",
    "title_cart_empty": "買い物かご内の情報はありません。",
    "cart_description1": "購入内容をご確認ください。",
    "cart_description2": "ご確認のうえ「購入手続きへ」ボタンを押してください。",
    "th_product_name": "商品",
    "th_product_price": "金額",
    "th_product_quantity": "個数",
    "btn_delete": "削除",
    "btn_checkout": "購入手続きへ",
    "btn_empty": "買い物かごを空にする",
    "btn_update": "買い物かごを更新する",
    "btn_return": "薬剤一覧へ戻る"
  },
  "checkout":{
    "title_confirm":"購入確認",
    "confirm_description1": "購入内容をご確認ください。",
    "confirm_description2": "利用規約をご確認のうえ「購入する」ボタンを押してください。",
    "th_product_name": "商品",
    "th_product_price": "金額",
    "th_product_quantity": "個数",
    "th_product_total": "小計",
    "td_total": "お支払い合計",
    "title_billing":"請求先情報",
    "field_full_name": "氏名",
    "field_zip_code": "郵便番号",
    "field_prefecture": "都道府県",
    "field_town_city": "市区町村",
    "field_street": "丁目・番地・号",
    "field_house": "建物名・部屋番号",
    "field_phone": "電話番号",
    "field_email": "メールアドレス",
    "title_ship": "お届け先情報",
    "accept_term" : "利用規約に同意した上で、購入します。",
    "btn_text_buy": "購入する"
  },
  "order-history": {
    "th_order_date": "注文日",
    "th_order_ID": "注文番号",
    "th_order_status": "ステータス",
    "th_order_price": "金額",
    "th_purchase_product": "注文商品",
    "btn_view": "詳細",
    "btn_next": "次",
    "btn_prev": "前",
    "about_status": "【ステータスについて】",
    "status_step_1": "薬剤師からのメール確認",
    "status_step_2": "商品発送準備",
    "status_step_3": "商品発送済み",
    "status_step_4": "商品受け取り＆支払い",
    "status_step_5": "商品受け取り完了"
  },
  "order-detail": {
    "title": "注文履歴詳細",
    "th_order_date": "【注文日】",
    "th_order_ID": "【注文番号】",
    "th_order_status": "【ステータス】",
    "th_product_name": "商品",
    "th_product_quantity": "個数",
    "th_unit_price": "単価（税抜",
    "th_product_total": "小計",
    "td_total": "お支払い合計",
    "th_tax": "税率",
    "title_billing": "請求先情報",
    "field_full_name": "氏名",
    "field_postal": "郵便番号",
    "field_prefecture": "都道府県",
    "field_city": "市区町村",
    "field_house": "建物名・部屋番号",
    "field_street": "丁目・番地・号",
    "field_phone": "電話番号",
    "field_email": "メールアドレス",
    "title_ship": "お届け先情報",
    "payment": "お支払い方法",
    "payment_method": "代金引換"
  },
  "medicine_list": {
    "type_name1": "第1類",
    "type_name2": "指定第2類",
    "type_name3": "第2類"
  },
  "product_detail": {
    "btn_buy": "買い物かごに入れる",
    "label_gender": "あなたの性別は何ですか？",
    "label_age" : "あなたの年齢を教えてください",
    "label_ever_used": "このお薬を使ったことはありますか？",
    "label_ever_side_effect": "今までにお薬を飲んで副作用を起こしたことはありますか？",
    "label_using_medicine": "その時に使っていたお薬の名前はなんですか？",
    "label_other_illnesses": "現在治療中の病気はありますか？",
    "label_other_question": "何か相談したいことはありますか？",
    "placeholder_select":"選択してください",
    "placeholder_text":"記入してください",
    "option_yes":"はい",
    "option_no":"いいえ",
    "option_gender1":"男",
    "option_gender2":"女",
    "option_age1":"15歳未満",
    "option_age2":"15-64歳",
    "option_age3":"65歳以上",
    "option_other_illnesses1":"ありません",
    "option_other_illnesses2":"高血圧",
    "option_other_illnesses3":"糖尿病",
    "option_other_illnesses4":"脂質異常症",
    "option_other_illnesses5":"喘息",
    "option_other_illnesses6":"肝臓病",
    "option_other_illnesses7":"心疾患",
    "option_other_illnesses8":"脳梗塞",
    "option_other_illnesses9":"胃・十二指腸潰瘍",
    "option_other_illnesses10":"甲状腺疾患",
    "option_other_illnesses11":"前立腺疾患",
    "option_other_illnesses12":"その他（自由記述）"
  },
  "list_pharmacies":{
    "title": "マリン薬局　大磯通店",
    "outside_image": "薬局又は店舗の主要な外観の写真",
    "inside_image": "一般用医薬品の陳列の状況を示す写真",
    "title_concerning_management": "管理および運営に関する事項",
    "title_classification": "許可の区分",
    "title_founder": "開設者",
    "title_permit": "許可証の記載事項",
    "title_management_pharmacist" : "管理薬剤師",
    "title_working_pharmacies": "当薬局に勤務する薬剤師（担当業務）",
    "title_register_seller": "当薬局に勤務する登録販売者（担当業務）",
    "title_over_the_counter_drugs_handle": "取り扱う一般用医薬品等の種別",
    "title_distinguishing": "当薬局に勤務する者の名札等による区別",
    "title_business_hours": "営業時間",
    "title_consultation_outside": "営業時間外における相談時間",
    "title_contact": "相談時及び緊急時の連絡先",
    "title_current_working_pharmacies": "現在勤務している薬剤師（担当業務）",
    "title_specific_sale_time": "開店時間と特定販売を行う時間が異なる場合",
    "title_time_accept_order": "営業時間外で医薬品の注文を受理する時間",
    "title_expiration_date": "特定販売を行う医薬品の使用期限",
    "title_problem": "要指導医薬品及び一般用医薬品の販売に関する制度に関する事項"
  },
  "admins": {
    "user": {
      "list": {
        "title": ""
      },
      "create": {
        "title": "Create a new"
      },
      "update": {
        "title": "Update a existing"
      }
    }
  }
}
